{
	"class_name" : "PinholeCameraParameters",
	"extrinsic" : 
	[
		0.80520712513219117,
		-0.27903813463045213,
		0.52323914710035746,
		0.0,
		-0.18171317295263043,
		-0.95602665350449345,
		-0.23020286828032119,
		0.0,
		0.5644659497364205,
		0.090281544132547825,
		-0.82050437803658527,
		0.0,
		-2.6000922012715364,
		2.5494518533942028,
		1739.6905879277397,
		1.0
	],
	"intrinsic" : 
	{
		"height" : 1016,
		"intrinsic_matrix" : 
		[
			879.88181024498977,
			0.0,
			0.0,
			0.0,
			879.88181024498977,
			0.0,
			924.5,
			507.5,
			1.0
		],
		"width" : 1850
	},
	"version_major" : 1,
	"version_minor" : 0
}